account_name,account_type,industry,city,country,website,main_phone,owner,status,notes
Fahss,Prospect / Customer,Materials,,Saudi Arabia,,,Abdelaziz Abdelsadek,Active,Migrated from pipeline; Customer Name
SE,Prospect / Customer,Oil & Gas,,Saudi Arabia,,,Shady Moussa,Active,Migrated from pipeline; Customer Name
ZOMCO,Prospect / Customer,Oil & Gas,,Saudi Arabia,,,Shady Moussa,Active,Migrated from pipeline; Customer Name
Tamkeen advanced,Prospect / Customer,Power & Water,,Saudi Arabia,,,Shady Moussa,Active,Migrated from pipeline; Customer Name
ASHOMCO,Prospect / Customer,Oil & Gas,,Saudi Arabia,,,Shady Moussa,Active,Migrated from pipeline; Customer Name
Natural Gas Distribution Company,Prospect / Customer,Oil & Gas,,Saudi Arabia,,,Shady Moussa,Active,Migrated from pipeline; Customer Name
trillium flow,Prospect / Customer,Oil & Gas,,Saudi Arabia,,,Bahaa Abusaqer,Active,Migrated from pipeline; Customer Name
Paper Life Factories,Prospect / Customer,Materials,,Saudi Arabia,,,Abdelaziz Abdelsadek,Active,Migrated from pipeline; Customer Name
NGC Energy Saudi Company LLC,Prospect / Customer,Oil & Gas,,Saudi Arabia,,,Shady Moussa,Active,Migrated from pipeline; Customer Name
GulfNet Solutions Company Limited (GNS),Prospect / Customer,Power & Water,,Saudi Arabia,,,Shady Moussa,Active,Migrated from pipeline; Customer Name
Aramco,Prospect / Customer,Oil & Gas,,Saudi Arabia,,,Shady Moussa,Active,Migrated from pipeline; Customer Name
First Gas,Prospect / Customer,Petrochemical,,Saudi Arabia,,,Shady Moussa,Active,Migrated from pipeline; Customer Name
Arrazi-sabic,Prospect / Customer,Oil & Gas,,Saudi Arabia,,,Rania Alamin,Active,Migrated from pipeline; Customer Name
el sewedy,Prospect / Customer,Chemical,,Saudi Arabia,,,Abdelaziz Abdelsadek,Active,Migrated from pipeline; Customer Name
AJ corporation,Prospect / Customer,Materials,,Saudi Arabia,,,Abdelaziz Abdelsadek,Active,Migrated from pipeline; Customer Name
Abdul Latif Jameel,Prospect / Customer,Materials,,Saudi Arabia,,,Abdelaziz Abdelsadek,Active,Migrated from pipeline; Customer Name
MGC,Prospect / Customer,Oil & Gas,,Saudi Arabia,,,Shady Moussa,Active,Migrated from pipeline; Customer Name
Khaled Abdulrahman Al-Hathal Contracting Est.,Prospect / Customer,Oil & Gas,,Saudi Arabia,,,Abdelaziz Abdelsadek,Active,Migrated from pipeline; Customer Name
Maaden,Prospect / Customer,Materials,,Saudi Arabia,,,Mohammed Nishar,Active,Migrated from pipeline; Customer Name
Sinopec,Prospect / Customer,Oil & Gas,,Saudi Arabia,,,Basith Ahmed,Active,Migrated from pipeline; Customer Name
Civil Works Company,Prospect / Customer,Power & Water,,Saudi Arabia,,,Shady Moussa,Active,Migrated from pipeline; Customer Name
SEC,Prospect / Customer,Power & Water,,Saudi Arabia,,,Shady Moussa,Active,Migrated from pipeline; Customer Name
Riyadh Aletqan Co.,Prospect / Customer,Chemical,,Saudi Arabia,,,Bahaa Abusaqer,Active,Migrated from pipeline; Customer Name
Sessco Basheer,Prospect / Customer,Materials,,Saudi Arabia,,,Abdelaziz Abdelsadek,Active,Migrated from pipeline; Customer Name
Al-Hatha Company,Prospect / Customer,Oil & Gas,,Saudi Arabia,,,Shady Moussa,Active,Migrated from pipeline; Customer Name
zamel cranes,Prospect / Customer,Materials,,Saudi Arabia,,,Abdelaziz Abdelsadek,Active,Migrated from pipeline; Customer Name
Technology Products and Services Co. (TPS),Prospect / Customer,Materials,,Saudi Arabia,,,Abdelaziz Abdelsadek,Active,Migrated from pipeline; Customer Name
Aramco Wusta and Ghazlan,Prospect / Customer,Oil & Gas,,Saudi Arabia,,,Hussain Al Haydar,Active,Migrated from pipeline; Customer Name
Marafiq,Prospect / Customer,Oil & Gas,,Saudi Arabia,,,Mohammed Nishar,Active,Migrated from pipeline; Customer Name
Sipchem,Prospect / Customer,Oil & Gas,,Saudi Arabia,,,Mohammed Nishar,Active,Migrated from pipeline; Customer Name
National Water Works Co,Prospect / Customer,Food & Beverage,,Saudi Arabia,,,Shady Moussa,Active,Migrated from pipeline; Customer Name
SAUDI MODERN FOODS FACTORY,Prospect / Customer,Food & Beverage,,Saudi Arabia,,,Abdelaziz Abdelsadek,Active,Migrated from pipeline; Customer Name
zamil cranes,Prospect / Customer,Oil & Gas,,Saudi Arabia,,,Abdelaziz Abdelsadek,Active,Migrated from pipeline; Customer Name
Qiddya,Prospect / Customer,Materials,,Saudi Arabia,,,Abdelaziz Abdelsadek,Active,Migrated from pipeline; Customer Name
AL Babteen Plastic,Prospect / Customer,Materials,,Saudi Arabia,,,Abdelaziz Abdelsadek,Active,Migrated from pipeline; Customer Name
Hadeed,Prospect / Customer,Oil & Gas,,Saudi Arabia,,,Shady Moussa,Active,Migrated from pipeline; Customer Name
Al Essa For Contracting,Prospect / Customer,Oil & Gas,,Saudi Arabia,,,Mohammed Nishar,Active,Migrated from pipeline; Customer Name
ODS Middle East FZE,Prospect / Customer,Oil & Gas,,Saudi Arabia,,,Shady Moussa,Active,Migrated from pipeline; Customer Name
GPDS,Prospect / Customer,Oil & Gas,,Saudi Arabia,,,Shady Moussa,Active,Migrated from pipeline; Customer Name
Tamimi Energy,Prospect / Customer,Oil & Gas,,Saudi Arabia,,,Hussain Al Haydar,Active,Migrated from pipeline; Customer Name
Energia,Prospect / Customer,Materials,,Saudi Arabia,,,,Active,Migrated from pipeline; Customer Name
Jubail O & M Ltd Company,Prospect / Customer,Oil & Gas,,Saudi Arabia,,,Shady Moussa,Active,Migrated from pipeline; Customer Name
SIMPLE SOLUTIONS COMPANY,Prospect / Customer,Oil & Gas,,Saudi Arabia,,,Mohammed Nishar,Active,Migrated from pipeline; Customer Name
Gas Solutions Company,Prospect / Customer,Oil & Gas,,Saudi Arabia,,,Shady Moussa,Active,Migrated from pipeline; Customer Name
Gas Solutions,Prospect / Customer,Oil & Gas,,Saudi Arabia,,,Shady Moussa,Active,Migrated from pipeline; Customer Name
Dar Al-Mughirah Industrial Company,Prospect / Customer,Materials,,Saudi Arabia,,,Abdelaziz Abdelsadek,Active,Migrated from pipeline; Customer Name
Alfreid TRADING COMPANY,Prospect / Customer,Materials,,Saudi Arabia,,,Abdelaziz Abdelsadek,Active,Migrated from pipeline; Customer Name
alfreid trading,Prospect / Customer,Materials,,Saudi Arabia,,,Abdelaziz Abdelsadek,Active,Migrated from pipeline; Customer Name
Zamil offshore,Prospect / Customer,Materials,,Saudi Arabia,,,Abdelaziz Abdelsadek,Active,Migrated from pipeline; Customer Name
AlYamama,Prospect / Customer,Power & Water,,Saudi Arabia,,,,Active,Migrated from pipeline; Customer Name
BASMA ELITE TRADING COMPANY,Prospect / Customer,Materials,,Saudi Arabia,,,Abdelaziz Abdelsadek,Active,Migrated from pipeline; Customer Name
petropan,Prospect / Customer,Materials,,Saudi Arabia,,,Abdelaziz Abdelsadek,Active,Migrated from pipeline; Customer Name
ADWAN Marketing Co. Ltd.,Prospect / Customer,Materials,,Saudi Arabia,,,Abdelaziz Abdelsadek,Active,Migrated from pipeline; Customer Name
MGATE,Prospect / Customer,Materials,,Saudi Arabia,,,Abdelaziz Abdelsadek,Active,Migrated from pipeline; Customer Name
GULF SUPPLIES TRADING COMPANY,Prospect / Customer,Materials,,Saudi Arabia,,,Abdelaziz Abdelsadek,Active,Migrated from pipeline; Customer Name
Danah Real Estate,Prospect / Customer,Materials,,Saudi Arabia,,,Abdelaziz Abdelsadek,Active,Migrated from pipeline; Customer Name
iearabia,Prospect / Customer,Power & Water,,Saudi Arabia,,,Basith Ahmed,Active,Migrated from pipeline; Customer Name
Gas Equipment Contract & Trading,Prospect / Customer,Oil & Gas,,Saudi Arabia,,,Shady Moussa,Active,Migrated from pipeline; Customer Name
martej,Prospect / Customer,Oil & Gas,,Saudi Arabia,,,Abdelaziz Abdelsadek,Active,Migrated from pipeline; Customer Name
ARA,Prospect / Customer,Materials,,Saudi Arabia,,,Abdelaziz Abdelsadek,Active,Migrated from pipeline; Customer Name
delta-globaltrading,Prospect / Customer,Materials,,Saudi Arabia,,,Abdelaziz Abdelsadek,Active,Migrated from pipeline; Customer Name
Gulf Cryo,Prospect / Customer,Oil & Gas,,Saudi Arabia,,,,Active,Migrated from pipeline; Customer Name
Gas Equipment & Contracting Co.,Prospect / Customer,Oil & Gas,,Saudi Arabia,,,Shady Moussa,Active,Migrated from pipeline; Customer Name
WestRock Bahrin,Prospect / Customer,Materials,,Saudi Arabia,,,Abdelaziz Abdelsadek,Active,Migrated from pipeline; Customer Name
Masar Solution for Building Material Trading Est.,Prospect / Customer,Oil & Gas,,Saudi Arabia,,,Shady Moussa,Active,Migrated from pipeline; Customer Name
Jeem Al Arabia,Prospect / Customer,Materials,,Saudi Arabia,,,Abdelaziz Abdelsadek,Active,Migrated from pipeline; Customer Name
Yasserf,Prospect / Customer,Petrochemical,,Saudi Arabia,,,,Active,Migrated from pipeline; Inferred from End User
SWA,Prospect / Customer,Oil & Gas,,Saudi Arabia,,,Shady Moussa,Active,Migrated from pipeline; Customer Name
ASTERA GROUP,Prospect / Customer,Materials,,Saudi Arabia,,,Abdelaziz Abdelsadek,Active,Migrated from pipeline; Customer Name
actssaudi,Prospect / Customer,Oil & Gas,,Saudi Arabia,,,Basith Ahmed,Active,Migrated from pipeline; Customer Name
Alazzaz trading & cantracting CO.,Prospect / Customer,Materials,,Saudi Arabia,,,Basith Ahmed,Active,Migrated from pipeline; Customer Name
IMI,Prospect / Customer,Oil & Gas,,Saudi Arabia,,,Mohammed Nishar,Active,Migrated from pipeline; Customer Name
HADEED ALRAJHI STEEL,Prospect / Customer,Oil & Gas,,Saudi Arabia,,,Mohammed Nishar,Active,Migrated from pipeline; Customer Name
Yansab,Prospect / Customer,Petrochemical,,Saudi Arabia,,,,Active,Migrated from pipeline; Customer Name
INFINITY WORK TRADING COMPANY,Prospect / Customer,Oil & Gas,,Saudi Arabia,,,Basith Ahmed,Active,Migrated from pipeline; Customer Name
Petrojet,Prospect / Customer,Oil & Gas,,Saudi Arabia,,,Mohammed Nishar,Active,Migrated from pipeline; Customer Name
Jubail O & M Limited Co.,Prospect / Customer,Oil & Gas,,Saudi Arabia,,,Shady Moussa,Active,Migrated from pipeline; Customer Name
Saudi Development Company LTD,Prospect / Customer,Oil & Gas,,Saudi Arabia,,,Shady Moussa,Active,Migrated from pipeline; Customer Name
Subway Networks,Prospect / Customer,Petrochemical,,Saudi Arabia,,,Mohammed Nishar,Active,Migrated from pipeline; Customer Name
Subway Electricals,Prospect / Customer,Oil & Gas,,Saudi Arabia,,,Mohammed Nishar,Active,Migrated from pipeline; Customer Name
TANAJIB Operation and Maintenance Company (TOMCO),Prospect / Customer,Oil & Gas,,Saudi Arabia,,,Shady Moussa,Active,Migrated from pipeline; Customer Name
Fadhili O&M Company,Prospect / Customer,Oil & Gas,,Saudi Arabia,,,Basith Ahmed,Active,Migrated from pipeline; Inferred from End User
CHEMAOIL,Prospect / Customer,Materials,,Saudi Arabia,,,Abdelaziz Abdelsadek,Active,Migrated from pipeline; Customer Name
Advanced Petrochemical,Prospect / Customer,Oil & Gas,,Saudi Arabia,,,Basith Ahmed,Active,Migrated from pipeline; Customer Name
Gas Equipment and Contracting,Prospect / Customer,Oil & Gas,,Saudi Arabia,,,Shady Moussa,Active,Migrated from pipeline; Customer Name
YASREF,Prospect / Customer,Oil & Gas,,Saudi Arabia,,,Mohammed Nishar,Active,Migrated from pipeline; Customer Name
ENG Mohamed Abaza,Prospect / Customer,Power & Water,,Saudi Arabia,,,Abdelaziz Abdelsadek,Active,Migrated from pipeline; Customer Name
مهندس نواف,Prospect / Customer,Oil & Gas,,Saudi Arabia,,,Abdelaziz Abdelsadek,Active,Migrated from pipeline; Customer Name
HADEED - AL RAJHI STEEL,Prospect / Customer,Oil & Gas,,Saudi Arabia,,,Mohammed Nishar,Active,Migrated from pipeline; Customer Name
Global pipe,Prospect / Customer,Oil & Gas,,Saudi Arabia,,,Abdelaziz Abdelsadek,Active,Migrated from pipeline; Inferred from End User
AMINAT,Prospect / Customer,Materials,,Saudi Arabia,,,Abdelaziz Abdelsadek,Active,Migrated from pipeline; Customer Name
Midal Cables,Prospect / Customer,Oil & Gas,,Saudi Arabia,,,Mohammed Nishar,Active,Migrated from pipeline; Customer Name
Haif,Prospect / Customer,Oil & Gas,,Saudi Arabia,,,Mohammed Nishar,Active,Migrated from pipeline; Customer Name
Alazzaz Trading & Contracting Co.,Prospect / Customer,Oil & Gas,,Saudi Arabia,,,Shady Moussa,Active,Migrated from pipeline; Customer Name
Mark Technologies Company,Prospect / Customer,Oil & Gas,,Saudi Arabia,,,Shady Moussa,Active,Migrated from pipeline; Customer Name
KJO,Prospect / Customer,Oil & Gas,,Saudi Arabia,,,Basith Ahmed,Active,Migrated from pipeline; Customer Name
Almeer,Prospect / Customer,Oil & Gas,,Saudi Arabia,,,Shady Moussa,Active,Migrated from pipeline; Customer Name
Activities for Electromechanical Works,Prospect / Customer,Oil & Gas,,Saudi Arabia,,,Mohammed Nishar,Active,Migrated from pipeline; Customer Name
National Gas,Prospect / Customer,Oil & Gas,,Saudi Arabia,,,Shady Moussa,Active,Migrated from pipeline; Customer Name
Rawabi Specialized Company,Prospect / Customer,Oil & Gas,,Saudi Arabia,,,Mohammed Nishar,Active,Migrated from pipeline; Customer Name
Modern Egyptian Natural Gas Company,Prospect / Customer,Oil & Gas,,Saudi Arabia,,,Shady Moussa,Active,Migrated from pipeline; Customer Name
Rawabi Contracting Specialized,Prospect / Customer,Power & Water,,Saudi Arabia,,,Mohammed Nishar,Active,Migrated from pipeline; Customer Name
INMA Kingkom Trading,Prospect / Customer,Oil & Gas,,Saudi Arabia,,,Mohammed Nishar,Active,Migrated from pipeline; Customer Name
Modern Gas,Prospect / Customer,Oil & Gas,,Saudi Arabia,,,Shady Moussa,Active,Migrated from pipeline; Customer Name
Saudi Electricity Company-SEC,Prospect / Customer,Oil & Gas,,Saudi Arabia,,,Shady Moussa,Active,Migrated from pipeline; Customer Name
s3c,Prospect / Customer,Chemical,,Saudi Arabia,,,Abdelaziz Abdelsadek,Active,Migrated from pipeline; Customer Name
SEC - FARSAN,Prospect / Customer,Oil & Gas,,Saudi Arabia,,,Shady Moussa,Active,Migrated from pipeline; Customer Name
SAFCO,Prospect / Customer,Petrochemical,,Saudi Arabia,,,,Active,Migrated from pipeline; Customer Name
Maadan Aluminum,Prospect / Customer,Oil & Gas,,Saudi Arabia,,,Shady Moussa,Active,Migrated from pipeline; Customer Name
Rawabi Specialized Contracting,Prospect / Customer,Oil & Gas,,Saudi Arabia,,,Mohammed Nishar,Active,Migrated from pipeline; Customer Name
Contemporary Structure Co.,Prospect / Customer,Oil & Gas,,Saudi Arabia,,,Mohammed Nishar,Active,Migrated from pipeline; Customer Name
Al Sawab Commercial company,Prospect / Customer,Oil & Gas,,Saudi Arabia,,,Shady Moussa,Active,Migrated from pipeline; Customer Name
Rawad Al Bina Contracting,Prospect / Customer,Oil & Gas,,Saudi Arabia,,,Mohammed Nishar,Active,Migrated from pipeline; Customer Name
HILAL INDUSTRIAL SUPPLIES & SERVICES,Prospect / Customer,Oil & Gas,,Saudi Arabia,,,Shady Moussa,Active,Migrated from pipeline; Customer Name
Safra Refinery,Prospect / Customer,Petrochemical,,Saudi Arabia,,,Shady Moussa,Active,Migrated from pipeline; Customer Name
STOM,Prospect / Customer,Oil & Gas,,Saudi Arabia,,,Mohammed Nishar,Active,Migrated from pipeline; Customer Name
STOM - Saudi Tabreed,Prospect / Customer,Oil & Gas,,Saudi Arabia,,,Mohammed Nishar,Active,Migrated from pipeline; Customer Name
Tamimi markets,Prospect / Customer,Food & Beverage,,Saudi Arabia,,,Abdelaziz Abdelsadek,Active,Migrated from pipeline; Customer Name
AL othaim market EMS,Prospect / Customer,Food & Beverage,,Saudi Arabia,,,Abdelaziz Abdelsadek,Active,Migrated from pipeline; Customer Name
حمود شركة الاستزراع السمكي,Prospect / Customer,Food & Beverage,,Saudi Arabia,,,Abdelaziz Abdelsadek,Active,Migrated from pipeline; Customer Name
sedra mall riyadah,Prospect / Customer,Materials,,Saudi Arabia,,,Abdelaziz Abdelsadek,Active,Migrated from pipeline; Inferred from End User
Lateen water Qunfoza,Prospect / Customer,Food & Beverage,,Saudi Arabia,,,Abdelaziz Abdelsadek,Active,Migrated from pipeline; Inferred from End User
Al Hayah hospital Abha,Prospect / Customer,Materials,,Saudi Arabia,,,Abdelaziz Abdelsadek,Active,Migrated from pipeline; Inferred from End User
pepsico,Prospect / Customer,Food & Beverage,,Saudi Arabia,,,Abdelaziz Abdelsadek,Active,Migrated from pipeline; Inferred from End User
Company GHAZ AL-WOULI Ltd.,Prospect / Customer,Oil & Gas,,Saudi Arabia,,,Shady Moussa,Active,Migrated from pipeline; Customer Name
STAR SQUARES COMPANY LTD [SSQ],Prospect / Customer,Oil & Gas,,Saudi Arabia,,,Shady Moussa,Active,Migrated from pipeline; Customer Name
Global Pipe Company,Prospect / Customer,Oil & Gas,,Saudi Arabia,,,Shady Moussa,Active,Migrated from pipeline; Customer Name
Aramco-Saudi Arabian Oil Company,Prospect / Customer,Oil & Gas,,Saudi Arabia,,,Shady Moussa,Active,Migrated from pipeline; Customer Name
Star Square Company Ltd,Prospect / Customer,Oil & Gas,,Saudi Arabia,,,Shady Moussa,Active,Migrated from pipeline; Customer Name
SEDRA GROUP,Prospect / Customer,Materials,,Saudi Arabia,,,Abdelaziz Abdelsadek,Active,Migrated from pipeline; Inferred from End User
Zamil Offshore Construction Ltd,Prospect / Customer,Oil & Gas,,Saudi Arabia,,,Shady Moussa,Active,Migrated from pipeline; Customer Name
Sadara Chemical Company,Prospect / Customer,Petrochemical,,Saudi Arabia,,,Shady Moussa,Active,Migrated from pipeline; Customer Name
Maaden Aluminium Company,Prospect / Customer,Oil & Gas,,Saudi Arabia,,,Shady Moussa,Active,Migrated from pipeline; Customer Name
Tasnee,Prospect / Customer,Petrochemical,,Saudi Arabia,,,Shady Moussa,Active,Migrated from pipeline; Customer Name
ALLIED TRADING COMPANY LLC,Prospect / Customer,Oil & Gas,,Saudi Arabia,,,Shady Moussa,Active,Migrated from pipeline; Customer Name
RAPCO Group,Prospect / Customer,Power & Water,,Saudi Arabia,,,Shady Moussa,Active,Migrated from pipeline; Customer Name
Taaheel Environmental Service Factory Company,Prospect / Customer,Oil & Gas,,Saudi Arabia,,,Shady Moussa,Active,Migrated from pipeline; Inferred from End User
National Gas - SADARA,Prospect / Customer,Oil & Gas,,Saudi Arabia,,,Shady Moussa,Active,Migrated from pipeline; Customer Name
KSB Pumps Arabia Ltd,Prospect / Customer,Oil & Gas,,Saudi Arabia,,,Shady Moussa,Active,Migrated from pipeline; Customer Name
SAUDI PLASTIC PRODUCTS COMPANY (SAPPCO),Prospect / Customer,Power & Water,,Saudi Arabia,,,Shady Moussa,Active,Migrated from pipeline; Customer Name
Clariant Tammimi,Prospect / Customer,Chemical,,Saudi Arabia,,,,Active,Migrated from pipeline; Inferred from End User
RAPPCO,Prospect / Customer,Power & Water,,Saudi Arabia,,,Shady Moussa,Active,Migrated from pipeline; Customer Name
Gas Arabia,Prospect / Customer,Oil & Gas,,Saudi Arabia,,,Shady Moussa,Active,Migrated from pipeline; Customer Name
Tihama Power Generation Co Ltd,Prospect / Customer,Oil & Gas,,Saudi Arabia,,,Shady Moussa,Active,Migrated from pipeline; Customer Name
Gas Arabian Services Co,Prospect / Customer,Oil & Gas,,Saudi Arabia,,,Shady Moussa,Active,Migrated from pipeline; Customer Name
WTTCO,Prospect / Customer,Power & Water,,Saudi Arabia,,,Shady Moussa,Active,Migrated from pipeline; Customer Name
NEOM,Prospect / Customer,Power & Water,,Saudi Arabia,,,Shady Moussa,Active,Migrated from pipeline; Inferred from End User
Alderly,Prospect / Customer,Oil & Gas,,Saudi Arabia,,,,Active,Migrated from pipeline; Customer Name
Honeywell,Prospect / Customer,Petrochemical,,Saudi Arabia,,,Shady Moussa,Active,Migrated from pipeline; Customer Name
Enerfac Solutions Limited,Prospect / Customer,Oil & Gas,,Saudi Arabia,,,Ahmed Al Bojbarah,Active,Migrated from pipeline; Inferred from End User
Advanced industrial model Company AIM,Prospect / Customer,Power & Water,,Saudi Arabia,,,Shady Moussa,Active,Migrated from pipeline; Customer Name
Barq Al Mostaqbal Co.,Prospect / Customer,Power & Water,,Saudi Arabia,,,Shady Moussa,Active,Migrated from pipeline; Customer Name
Service on Biffi actuator,Prospect / Customer,Oil & Gas,,Saudi Arabia,,,Abdullah Lardhi,Active,Migrated from pipeline; Inferred from End User
EISENMANN SAUDI ARABIA Industrial,Prospect / Customer,Materials,,Saudi Arabia,,,Shady Moussa,Active,Migrated from pipeline; Customer Name
Tepco,Prospect / Customer,Materials,,Saudi Arabia,,,Abdullah Lardhi,Active,Migrated from pipeline; Inferred from End User
REQ - 910 | Ultrasonic Flowmeter | 02 Nos,Prospect / Customer,Petrochemical,,Saudi Arabia,,,Basith Ahmed,Active,Migrated from pipeline; Inferred from End User
Ash Sharqiyah Operation and Maintenance Co. LLC,Prospect / Customer,Oil & Gas,,Saudi Arabia,,,Shady Moussa,Active,Migrated from pipeline; Customer Name
Shedgum Gas Compression Pipeline - Package-3,Prospect / Customer,Oil & Gas,,Saudi Arabia,,,Abdullah Lardhi,Active,Migrated from pipeline; Inferred from End User
AL MEER,Prospect / Customer,Oil & Gas,,Saudi Arabia,,,Shady Moussa,Active,Migrated from pipeline; Customer Name
Eman Future Trading Company,Prospect / Customer,Oil & Gas,,Saudi Arabia,,,Ahmed Al Bojbarah,Active,Migrated from pipeline; Inferred from End User
Fixed Gas Detector,Prospect / Customer,Chemical,,Saudi Arabia,,,Abdullah Lardhi,Active,Migrated from pipeline; Inferred from End User
Royal commissiong,Prospect / Customer,Materials,,Saudi Arabia,,,Abdullah Lardhi,Active,Migrated from pipeline; Inferred from End User
sa7733mt25,Prospect / Customer,Oil & Gas,,Saudi Arabia,,,Abdullah Lardhi,Active,Migrated from pipeline; Inferred from End User
SABIC- Ibn zahr,Prospect / Customer,Petrochemical,,Saudi Arabia,,,,Active,Migrated from pipeline; Inferred from End User
Saudi Water Partner Company (SWPC),Prospect / Customer,Power & Water,,Saudi Arabia,,,Ahmed Al Bojbarah,Active,Migrated from pipeline; Inferred from End User
SABIC,Prospect / Customer,Oil & Gas,,Saudi Arabia,,,Shady Moussa,Active,Migrated from pipeline; Customer Name
Al Manhal Waters Factory Company,Prospect / Customer,Food & Beverage,,Saudi Arabia,,,Shady Moussa,Active,Migrated from pipeline; Customer Name
Gulf Cryo Saudi for Industrial & Medical Gases Company,Prospect / Customer,Materials,,Saudi Arabia,,,Mohammed Nishar,Active,Migrated from pipeline; Inferred from End User
Allamaa Factory,Prospect / Customer,Materials,,Saudi Arabia,,,Shady Moussa,Active,Migrated from pipeline; Customer Name
SEC-ARAR-RAFHA-AL JOUF PP,Prospect / Customer,Power & Water,,Saudi Arabia,,,Basith Ahmed,Active,Migrated from pipeline; Inferred from End User
Saudi Iron & Steel company (Hadeed),Prospect / Customer,Petrochemical,,Saudi Arabia,,,Shady Moussa,Active,Migrated from pipeline; Customer Name
Aramco Karan,Prospect / Customer,Oil & Gas,,Saudi Arabia,,,Khalid Al Sayari,Active,Migrated from pipeline; Inferred from End User
Aramco Khurais,Prospect / Customer,Oil & Gas,,Saudi Arabia,,,Abdullah Lardhi,Active,Migrated from pipeline; Inferred from End User
SHINE COPMANY LTD,Prospect / Customer,Power & Water,,Saudi Arabia,,,Shady Moussa,Active,Migrated from pipeline; Customer Name
Al Yamama Company,Prospect / Customer,Materials,,Saudi Arabia,,,Ahmed Al Bojbarah,Active,Migrated from pipeline; Inferred from End User
Saudi Aramco,Prospect / Customer,Oil & Gas,,Saudi Arabia,,,Ahmed Al Bojbarah,Active,Migrated from pipeline; Inferred from End User
Saudi Tabreed Operation And Maintenance Company (STOM),Prospect / Customer,Oil & Gas,,Saudi Arabia,,,Shady Moussa,Active,Migrated from pipeline; Customer Name
Nesma Partners Contracting Co.,Prospect / Customer,Oil & Gas,,Saudi Arabia,,,Shady Moussa,Active,Migrated from pipeline; Customer Name
Industrial Chemicals & Resins Co.,Prospect / Customer,Oil & Gas,,Saudi Arabia,,,Shady Moussa,Active,Migrated from pipeline; Customer Name
Al-Dossary Macaroni Factory,Prospect / Customer,Food & Beverage,,Saudi Arabia,,,Shady Moussa,Active,Migrated from pipeline; Customer Name
ARASCO,Prospect / Customer,Materials,,Saudi Arabia,,,Ahmed Al Bojbarah,Active,Migrated from pipeline; Inferred from End User
5500693009,Prospect / Customer,Petrochemical,,Saudi Arabia,,,Abdullah Lardhi,Active,Migrated from pipeline; Inferred from End User
Marafiq Yanbu,Prospect / Customer,Power & Water,,Saudi Arabia,,,Basith Ahmed,Active,Migrated from pipeline; Inferred from End User
WATER TRANSMISSION COMPANY,Prospect / Customer,Power & Water,,Saudi Arabia,,,Abdullah Lardhi,Active,Migrated from pipeline; Inferred from End User
FOOD TECH FOR INDUSTRIES,Prospect / Customer,Food & Beverage,,Saudi Arabia,,,Abdullah Lardhi,Active,Migrated from pipeline; Inferred from End User
